k,inertia,silhouette
2,45733.55177576785,0.3568893863595006
3,38037.2917948328,0.2724151101451552
4,30826.13258001959,0.2924476590872519
5,27085.73904006641,0.24453283167064202
6,24014.234623894186,0.23793586183804066
7,22418.482617378377,0.23987357422058886
8,21061.42490037011,0.24051679187833588
9,20025.750871516695,0.23672745874732956
10,19052.46464692642,0.21869007468091073
